"serie Teste";tom;2024;comedia;5;
"serie Teste";tom;2024;comedia;5;
"serie Teste";tom;2024;comedia;5;
"serie Teste";tom;2024;comedia;5;
"serie Teste";tom;2024;comedia;5;
"serie Teste";tom;2024;comedia;5;
"serie Teste";tom;2024;comedia;5;
"serie Teste";tom;2024;comedia;5;
"serie Teste";tom;2024;comedia;5;
"serie Teste";tom;2024;comedia;5;
"serie Teste";tom;2024;comedia;5;
"serie Teste";tom;2024;comedia;5;
"serie Teste";tom;2024;comedia;5;
"serie Teste";tom;2024;comedia;5;
"serie Teste";tom;2024;comedia;5;
